batch_id,machine_id,temperature_c,pressure_psi,line_speed_mmin,shift,material_batch,production_quantity,previous_defects,defect_rate_pct,quality_risk_level
RB-2041,Press-04,184.5,72.1,45.0,B,MAT-9081,500,4,2.52,HIGH
RB-2042,Press-02,171.2,68.4,42.5,A,MAT-9082,480,1,0.74,LOW
RB-2043,Press-03,169.8,70.0,41.0,C,MAT-9083,520,0,0.41,LOW
RB-2044,Press-04,188.0,75.2,46.2,B,MAT-9081,490,5,3.10,HIGH
RB-2045,Press-01,170.5,69.1,40.0,A,MAT-9084,510,1,0.58,LOW
RB-2046,Press-04,182.1,71.8,44.8,C,MAT-9085,505,3,2.15,HIGH
RB-2047,Press-02,168.9,67.8,42.0,B,MAT-9082,495,0,0.35,LOW
RB-2048,Press-03,172.0,69.5,41.5,A,MAT-9083,500,1,0.62,LOW
RB-2049,Press-04,186.2,74.0,45.8,B,MAT-9081,515,4,2.88,HIGH
RB-2050,Press-01,171.0,68.9,40.5,C,MAT-9084,485,0,0.48,LOW
RB-2051,Press-04,185.0,73.5,45.5,A,MAT-9081,500,4,2.65,HIGH
RB-2052,Press-02,170.0,68.0,41.8,B,MAT-9086,510,1,0.52,LOW
RB-2053,Press-03,169.5,69.2,41.0,C,MAT-9087,490,0,0.38,LOW
RB-2054,Press-04,183.8,72.9,45.1,A,MAT-9081,505,3,2.30,HIGH
RB-2055,Press-01,170.8,68.5,40.2,B,MAT-9084,520,1,0.55,LOW
